,Count,Percentage
L,52,10.0
G,42,8.076923076923077
E,42,8.076923076923077
V,40,7.6923076923076925
T,35,6.730769230769231
A,34,6.538461538461539
R,31,5.961538461538462
K,31,5.961538461538462
P,29,5.5769230769230775
I,28,5.384615384615385
Y,23,4.423076923076923
S,20,3.8461538461538463
D,20,3.8461538461538463
N,17,3.2692307692307696
M,16,3.076923076923077
F,14,2.6923076923076925
Q,13,2.5
H,13,2.5
W,11,2.1153846153846154
C,9,1.7307692307692308
